Page Path,Page Title,Pageviews,Sessions,Engagement Rate,Conversions
"/clear-vinyl-plastic-patio-enclosures/","Clear Vinyl Plastic Patio Enclosures - Mosquito Curtains","317205","153172","0.88818452458673913","0"
"/screened-porch/","Screened Porch - Mosquito Curtains","302381","138391","0.93216321870641872","0"
"/screen-patio/","Screen Patio - Mosquito Curtains","265089","122967","0.92867192010864708","0"
"/screened-porch-enclosures/","Screen Porch Enclosures - Mosquito Curtains","248580","95979","0.974296460684108","0"
"/mosquito-netting/","Mosquito Netting - Mosquito Curtains","242411","109649","0.92548039653804415","0"
"/project-gallery/mosquito-netting-1/","Mosquito Netting Gallery - Mosquito Curtains","116334","50641","0.95175845658656033","0"
"/screened-in-decks/","Screened in Decks - Mosquito Curtains","44359","22306","0.90504796915628083","0"
"/mosquito-netting/fasteners-and-rigging-ideas/","Fasteners and Rigging Ideas - Mosquito Curtains","31179","13629","0.94438330031550366","0"
"/pergola-screen-curtains/","Pergola Screen Curtains - Mosquito Curtains","29506","13785","0.91650344577439247","0"
"/gazebo-screen-curtains/","Gazebo Screen Curtains - Mosquito Curtains","29441","13427","0.92410814031429211","0"
"/raw-netting-fabric-store/","Raw Netting Fabric Store - Mosquito Curtains","23983","10000","0.978","0"
"/roll-up-shade-screens/","Roll Up Shade Screens - Mosquito Curtains","23846","11830","0.91648351648351645","0"
"/garage-door-screens/","Garage Door Screens - Mosquito Curtains","20477","9591","0.93170680846627041","0"
"/awning-screen-enclosures/","Awning Screen Enclosures - Mosquito Curtains","17682","8207","0.93164371877665408","0"
"/boat-screens/","Boat Screens - Mosquito Curtains","15351","6852","0.90907764156450677","0"
"/mosquito-netting/let-us-make-it-for-you/","Mosquito Netting Ideas - Mosquito Curtains","11283","4829","0.97142265479395318","0"
"/french-door-screens/","French Door Screens - Mosquito Curtains","10173","4967","0.92591101268371245","0"
"/outdoor-projection-screens/","Outdoor Projection Screens - Mosquito Curtains","9050","4853","0.87966206470224606","0"
"/theater-scrims/","Theater Scrims - Mosquito Curtains","8903","4700","0.8461702127659575","0"
"/industrial-netting/","Industrial Netting - Mosquito Curtains","6723","3146","0.92943420216147488","0"
"/yardistry-gazebo-curtains/","Yardistry Gazebo Curtains - Mosquito Curtains","5868","2865","0.93542757417102962","0"
"/mosquito-netting/all-netting-and-attachment-hardware/","Mosquito Netting Attachment Fasteners - Mosquito Curtains","1546","799","0.90362953692115144","0"
"/hvac-chiller-screens/","HVAC Chiller Screens - Mosquito Curtains","1441","754","0.88726790450928383","0"
"/tentscreenpanels/","Tent Screens - Mosquito Curtains","841","429","0.92307692307692313","0"
"/screened-porch-enclosures/","(not set)","490","605","0.82975206611570251","0"
"/product/raw-netting-attachment-items/","Raw Netting Attachment Items - Mosquito Curtains","447","181","0.97790055248618779","0"
"/clear-vinyl-plastic-patio-enclosures/","(not set)","200","332","0.677710843373494","0"
"/mosquito-netting/","(not set)","170","289","0.60207612456747406","0"
"/mosquito-netting","Mosquito Netting - Mosquito Curtains","166","89","0.8764044943820225","0"
"/product/roll-up-shade-mesh-screens/","Roll Up Shade Mesh Screens - Mosquito Curtains","113","48","0.9375","0"
"/mosquito-netting/fasteners-and-rigging-ideas/","Ideas de sujeción y montaje: cortinas antimosquitos","64","36","0.91666666666666663","0"
"/mosquito-netting/","Mosquiteras - Cortinas antimosquitos","56","186","0.967741935483871","0"
"/screened-porch-enclosures/","纱窗门廊围栏 - 蚊帐","51","22","1","0"
"/screened-porch-enclosures/null","Page not found - Mosquito Curtains","35","12","1","0"
"/screened-in-decks/","Projeté dans les terrasses - Rideaux anti-moustiques","34","16","1","0"
"/mosquito-netting/fasteners-and-rigging-ideas/","Befestigungs- und Montageideen - Moskitovorhänge","32","22","0.95454545454545459","0"
"/clear-vinyl-plastic-patio-enclosures/null","Page not found - Mosquito Curtains","31","11","0.90909090909090906","0"
"/screened-porch-enclosures/","Cerramientos de porches con mosquiteros - Cortinas antimosquitos","31","14","1","0"
"/project-gallery/mosquito-netting-1/","蚊帐图库 - 蚊帐","29","6","1","0"
"/screened-in-decks/","Cubiertas cubiertas con mosquiteros - Cortinas mosquiteras","28","12","1","0"
"/mosquito-netting/","Moustiquaires - Rideaux anti-moustiques","27","36","0.94444444444444442","0"
"/mosquito-netting/fasteners-and-rigging-ideas/","Idées d'attaches et de montage - Rideaux anti-moustiques","27","13","0.92307692307692313","0"
"/mosquito-netting/","蚊帐 - 蚊帐","24","41","0.95121951219512191","0"
"/mosquito-netting/fasteners-and-rigging-ideas/","Ideas de sujetadores y aparejos: cortinas antimosquitos","24","12","1","0"
"/clear-vinyl-plastic-patio-enclosures/","Cerramientos de patio de plástico de vinilo transparente - Cortinas antimosquitos","23","20","0.9","0"
"/project-gallery/mosquito-netting-1/","Galerie de moustiquaires - Rideaux anti-moustiques","20","18","1","0"
"/screened-porch-enclosures/","Enceintes de porche moustiquaires - Rideaux anti-moustiques","18","8","1","0"
"/mosquito-netting/","Москитная сетка - Москитные шторы","17","24","0.95833333333333337","0"
"/screened-in-decks/","Cubiertas con mosquiteros - Cortinas mosquiteras","17","10","0.9","0"
"/clear-vinyl-plastic-patio-enclosures/","Enclos de patio en plastique vinyle transparent - Rideaux anti-moustiques","16","11","1","0"
"/roll-up-shade-screens/","(not set)","16","27","0.70370370370370372","0"
"/clear-vinyl-plastic-patio-enclosures/","Cerramientos de patio de vinilo plástico transparente - Cortinas antimosquitos","14","25","0.96","0"
"/clear-vinyl-plastic-patio-enclosures/","Gabinetes de pátio de plástico de vinil transparente - Cortinas mosquiteiras","14","6","1","0"
"/mosquito-netting/fasteners-and-rigging-ideas","Fasteners and Rigging Ideas - Mosquito Curtains","14","2","1","0"
"/mosquito-netting/fasteners-and-rigging-ideas/","Idées de fixation et de montage - Rideaux anti-moustiques","14","11","0.90909090909090906","0"
"/project-gallery/mosquito-netting-5/","Page not found - Mosquito Curtains","14","10","0.5","0"
"/screened-porch-enclosures/","Enceintes de porche grillagées - Rideaux anti-moustiques","14","11","1","0"
"/mosquito-netting/","Moskitonetze - Moskitovorhänge","13","8","1","0"
"/mosquito-netting/","Moustiquaire – Rideaux anti-moustiques","13","19","0.89473684210526316","0"
"/mosquito-netting/fasteners-and-rigging-ideas/","Fixations et idées de montage - Rideaux anti-moustiques","12","85","0.90588235294117647","0"
"/mosquito-netting/why-us-for-raw-netting/","Why Us For Raw Netting - Mosquito Curtains","12","9","0.33333333333333331","0"